"","Id","ensemble_all"
"1",1461,116012.698998253
"2",1462,151714.235765695
"3",1463,173198.332072674
"4",1464,183672.130886862
"5",1465,212044.542317711
"6",1466,167181.392851027
"7",1467,171890.910242475
"8",1468,158852.277035908
"9",1469,195842.244554104
"10",1470,115014.164465968
"11",1471,178354.131142028
"12",1472,94021.5539362048
"13",1473,92662.7381530532
"14",1474,139747.808150344
"15",1475,106729.764511535
"16",1476,361511.195156537
"17",1477,274983.613175881
"18",1478,297638.407927767
"19",1479,305453.739930141
"20",1480,460255.659005602
"21",1481,312292.788353429
"22",1482,226060.958030992
"23",1483,178552.08885337
"24",1484,169053.393949789
"25",1485,199533.47367861
"26",1486,194757.247747189
"27",1487,328903.206950528
"28",1488,229625.963889826
"29",1489,208778.038655326
"30",1490,235052.352141045
"31",1491,203269.342788554
"32",1492,99103.2713816855
"33",1493,205041.743002986
"34",1494,318243.944228184
"35",1495,293995.068760863
"36",1496,236665.118796407
"37",1497,171238.669564045
"38",1498,181997.558132446
"39",1499,162970.019994606
"40",1500,155231.310096467
"41",1501,185069.008399974
"42",1502,146350.65646134
"43",1503,303225.942784393
"44",1504,239821.865467853
"45",1505,224623.130548622
"46",1506,179399.68052947
"47",1507,243820.029236826
"48",1508,190411.00577682
"49",1509,154185.19629878
"50",1510,145744.611311415
"51",1511,157696.915528226
"52",1512,169176.323766358
"53",1513,145428.574763727
"54",1514,158196.973938976
"55",1515,190790.200015784
"56",1516,162476.432658395
"57",1517,161426.47732814
"58",1518,119907.431013713
"59",1519,218786.211762217
"60",1520,124860.255037976
"61",1521,132440.355714713
"62",1522,179499.096183068
"63",1523,103039.914391601
"64",1524,108160.602595583
"65",1525,116762.122173549
"66",1526,114682.193626179
"67",1527,103205.098744892
"68",1528,124618.232972114
"69",1529,146187.589617797
"70",1530,198675.072962846
"71",1531,132911.708906765
"72",1532,103972.704418127
"73",1533,151758.952911922
"74",1534,116453.482163364
"75",1535,144872.748714947
"76",1536,100940.669374676
"77",1537,60231.2587173666
"78",1538,166477.558527947
"79",1539,213165.628693534
"80",1540,116518.586375961
"81",1541,133162.988251535
"82",1542,137940.932655579
"83",1543,184897.948875579
"84",1544,93056.4252793892
"85",1545,117988.174739285
"86",1546,153006.064410637
"87",1547,147880.598528577
"88",1548,140305.146941089
"89",1549,128128.28257695
"90",1550,149676.713026917
"91",1551,110784.058075083
"92",1552,148640.655922537
"93",1553,150647.517395046
"94",1554,110649.992072958
"95",1555,164189.268118835
"96",1556,89679.36277443
"97",1557,112938.583563262
"98",1558,93728.4934062248
"99",1559,81165.9416430577
"100",1560,146056.397333465
"101",1561,100735.204567736
"102",1562,130784.527666782
"103",1563,124085.670324452
"104",1564,157459.166705985
"105",1565,152753.913385835
"106",1566,244864.062903986
"107",1567,66315.9681432567
"108",1568,240172.001374137
"109",1569,119568.43059538
"110",1570,143423.712916543
"111",1571,96015.9387105266
"112",1572,131384.989165142
"113",1573,228413.496649915
"114",1574,126469.461624583
"115",1575,245098.55960711
"116",1576,245447.275684102
"117",1577,188944.290748026
"118",1578,144616.060808836
"119",1579,138732.980195542
"120",1580,189578.752812134
"121",1581,157786.231811159
"122",1582,129976.131323507
"123",1583,294725.045334512
"124",1584,223703.712494394
"125",1585,142516.780995817
"126",1586,70290.5828155975
"127",1587,105713.829497408
"128",1588,153429.097593409
"129",1589,90308.1693491686
"130",1590,124213.852434174
"131",1591,90481.9238234192
"132",1592,111099.355375043
"133",1593,132446.367453339
"134",1594,141820.109256762
"135",1595,114868.783340936
"136",1596,217836.259077043
"137",1597,191383.415373899
"138",1598,214724.562301165
"139",1599,192169.364339897
"140",1600,181840.958290292
"141",1601,61180.9235370498
"142",1602,122517.128552995
"143",1603,64561.6191150706
"144",1604,272450.981485759
"145",1605,243864.459664381
"146",1606,163270.670251918
"147",1607,170021.434418025
"148",1608,215173.90885164
"149",1609,198829.372236383
"150",1610,150100.01556819
"151",1611,134697.436481319
"152",1612,176344.334816213
"153",1613,161443.05500462
"154",1614,131901.951733886
"155",1615,83164.8571391334
"156",1616,67525.3064331192
"157",1617,77394.8254853054
"158",1618,127613.987066276
"159",1619,160864.798833119
"160",1620,164257.007536199
"161",1621,130113.533285223
"162",1622,141497.299815024
"163",1623,271008.450947778
"164",1624,213370.327876164
"165",1625,116850.681214943
"166",1626,173770.765811759
"167",1627,183113.489662971
"168",1628,278554.848345029
"169",1629,180113.71293967
"170",1630,341220.790933588
"171",1631,238320.238114387
"172",1632,251769.170093255
"173",1633,182392.149876383
"174",1634,179753.598683167
"175",1635,178280.540925847
"176",1636,154145.236937214
"177",1637,179788.633846841
"178",1638,194711.784901113
"179",1639,172429.756315351
"180",1640,241627.062124932
"181",1641,169745.385203762
"182",1642,242842.443976942
"183",1643,226211.196955838
"184",1644,235005.024613589
"185",1645,193245.039212109
"186",1646,166063.936586943
"187",1647,158940.903498094
"188",1648,124905.21022047
"189",1649,136510.668853885
"190",1650,110208.851961041
"191",1651,108611.570821825
"192",1652,95520.4684040726
"193",1653,97145.8206225351
"194",1654,142457.774115046
"195",1655,135106.214302853
"196",1656,138469.868706262
"197",1657,149496.533264492
"198",1658,147072.952604486
"199",1659,119349.015547116
"200",1660,149645.063084492
"201",1661,406821.298440867
"202",1662,368493.702795804
"203",1663,366087.274311992
"204",1664,450728.239241089
"205",1665,314019.715260072
"206",1666,320665.876634436
"207",1667,358878.625259223
"208",1668,357295.739587657
"209",1669,320076.154480574
"210",1670,342748.808954717
"211",1671,278481.949902448
"212",1672,405373.014212932
"213",1673,308938.632515581
"214",1674,263111.763611754
"215",1675,213670.858655342
"216",1676,213219.663905912
"217",1677,226573.16911163
"218",1678,444024.330196473
"219",1679,372854.722036451
"220",1680,312346.381901388
"221",1681,264214.179261677
"222",1682,328037.15236055
"223",1683,201517.620890482
"224",1684,183024.586694391
"225",1685,178978.149368061
"226",1686,166471.205362247
"227",1687,173341.210953309
"228",1688,186245.583865307
"229",1689,193827.372410882
"230",1690,200821.225026482
"231",1691,191038.683019124
"232",1692,258073.220978121
"233",1693,189038.217296558
"234",1694,181653.926536109
"235",1695,171467.529424975
"236",1696,269357.022130188
"237",1697,167774.068395611
"238",1698,345205.843883073
"239",1699,350721.154499401
"240",1700,266800.886281937
"241",1701,282047.672073131
"242",1702,228268.336136842
"243",1703,227010.358183158
"244",1704,281098.747590048
"245",1705,249351.583803664
"246",1706,352004.166398834
"247",1707,216452.618369895
"248",1708,213242.486225373
"249",1709,271601.684246562
"250",1710,227485.765632612
"251",1711,279153.810121517
"252",1712,260134.528088486
"253",1713,269442.048452875
"254",1714,221615.365322119
"255",1715,208791.180246044
"256",1716,185091.74083571
"257",1717,177460.682959172
"258",1718,138535.135719374
"259",1719,217288.990152416
"260",1720,222118.116056902
"261",1721,164548.799895382
"262",1722,119707.297563522
"263",1723,155322.764932144
"264",1724,212991.505435197
"265",1725,241380.463451543
"266",1726,185357.488699878
"267",1727,150390.724529526
"268",1728,181469.901931233
"269",1729,171660.948718983
"270",1730,160372.324001017
"271",1731,121282.885822638
"272",1732,130044.0267916
"273",1733,115350.444033721
"274",1734,122066.811454497
"275",1735,121095.645530456
"276",1736,100959.226973677
"277",1737,307345.421929056
"278",1738,263674.044658436
"279",1739,245059.633017253
"280",1740,211887.292728255
"281",1741,188924.380156068
"282",1742,171197.480500844
"283",1743,177440.58715471
"284",1744,319268.168669177
"285",1745,227048.370955011
"286",1746,200912.757528813
"287",1747,206575.086020146
"288",1748,214933.973242738
"289",1749,143261.869787629
"290",1750,123500.023938636
"291",1751,235360.885716962
"292",1752,106985.884706251
"293",1753,147198.529712861
"294",1754,188800.807534144
"295",1755,173395.901295089
"296",1756,141698.575960888
"297",1757,119301.346898073
"298",1758,143099.45514405
"299",1759,162358.570609802
"300",1760,161224.0987092
"301",1761,146642.691352598
"302",1762,174233.956135254
"303",1763,177160.820424636
"304",1764,110926.292212155
"305",1765,156649.894417368
"306",1766,186906.86289575
"307",1767,217994.270289957
"308",1768,136648.664332907
"309",1769,165260.690365317
"310",1770,164418.910082187
"311",1771,117124.095343895
"312",1772,132108.044840617
"313",1773,117552.349118922
"314",1774,142528.77156718
"315",1775,145829.88303503
"316",1776,140979.203992346
"317",1777,106085.193523077
"318",1778,150171.041546169
"319",1779,135631.529690305
"320",1780,173118.644186083
"321",1781,119025.901630714
"322",1782,77181.2816246926
"323",1783,137238.656928638
"324",1784,92024.7624837021
"325",1785,122785.487065131
"326",1786,147799.524125661
"327",1787,161405.121951569
"328",1788,37120.1614266844
"329",1789,102232.206004481
"330",1790,77216.9750281677
"331",1791,196310.208733367
"332",1792,152305.837343332
"333",1793,130093.448830403
"334",1794,171064.383549205
"335",1795,135642.405545227
"336",1796,147871.912015406
"337",1797,120389.750555987
"338",1798,125413.154552898
"339",1799,109550.686709452
"340",1800,138031.367108313
"341",1801,120222.209118638
"342",1802,122648.068798823
"343",1803,148471.471446136
"344",1804,139290.149548798
"345",1805,138332.381607566
"346",1806,120412.148988574
"347",1807,153150.739270355
"348",1808,128652.771938307
"349",1809,129197.478303896
"350",1810,138986.089270487
"351",1811,71691.7881383556
"352",1812,95031.7691709135
"353",1813,120526.627134039
"354",1814,97076.2804201221
"355",1815,50048.9454829921
"356",1816,93329.2987435813
"357",1817,111899.393905396
"358",1818,146207.489901366
"359",1819,113950.790114567
"360",1820,54840.7613705083
"361",1821,105639.743161588
"362",1822,156395.020266694
"363",1823,51464.9936033166
"364",1824,143125.614908482
"365",1825,139800.138073348
"366",1826,101268.338636172
"367",1827,107567.602869269
"368",1828,143137.266940883
"369",1829,142518.673018681
"370",1830,147273.028116099
"371",1831,149143.619088049
"372",1832,78961.5114835321
"373",1833,148210.44752108
"374",1834,114452.376690401
"375",1835,124377.013066961
"376",1836,117390.351479301
"377",1837,100329.476982081
"378",1838,127813.156207401
"379",1839,84477.1730852299
"380",1840,157244.037332517
"381",1841,127924.669952593
"382",1842,85793.9880665625
"383",1843,132189.769662104
"384",1844,156095.972650017
"385",1845,140259.703259702
"386",1846,158298.201006549
"387",1847,169752.59891723
"388",1848,42119.429700658
"389",1849,108246.17828308
"390",1850,114005.008441232
"391",1851,142851.377213629
"392",1852,117822.925037964
"393",1853,123075.130188296
"394",1854,165432.011354376
"395",1855,177137.582617071
"396",1856,222485.521545743
"397",1857,127790.31154634
"398",1858,129134.947355208
"399",1859,106848.092075984
"400",1860,156594.666669267
"401",1861,108494.016722537
"402",1862,285556.972148875
"403",1863,272726.344596469
"404",1864,272769.152475321
"405",1865,333232.853214994
"406",1866,309538.06167468
"407",1867,230208.993664963
"408",1868,286467.650815377
"409",1869,211804.467836776
"410",1870,235158.265535673
"411",1871,254114.664680524
"412",1872,179484.374160759
"413",1873,250743.808934428
"414",1874,133982.367547216
"415",1875,173001.57439748
"416",1876,191885.117333761
"417",1877,208219.161023293
"418",1878,200765.912012225
"419",1879,139942.609563699
"420",1880,121161.906577779
"421",1881,247288.349402653
"422",1882,242583.968145476
"423",1883,185090.53086254
"424",1884,200654.92966372
"425",1885,226381.367962568
"426",1886,274029.759682429
"427",1887,222293.567352631
"428",1888,270344.026284538
"429",1889,170263.780941034
"430",1890,107444.404819227
"431",1891,107646.339385762
"432",1892,98226.512516259
"433",1893,124454.227632571
"434",1894,117611.389440705
"435",1895,136355.990933383
"436",1896,122217.836190352
"437",1897,134694.491938009
"438",1898,103561.432360272
"439",1899,164063.519159028
"440",1900,161195.420154709
"441",1901,186061.615363849
"442",1902,157425.135449939
"443",1903,229000.994374731
"444",1904,148459.496709032
"445",1905,191912.58025253
"446",1906,128720.34354544
"447",1907,219489.995013614
"448",1908,99702.6734626028
"449",1909,137400.357004548
"450",1910,115577.275260015
"451",1911,211288.501860846
"452",1912,295363.099610781
"453",1913,148716.960679915
"454",1914,67320.8585426821
"455",1915,310079.723316507
"456",1916,54164.9235802433
"457",1917,239093.309386993
"458",1918,136929.159222336
"459",1919,162471.453182513
"460",1920,144608.19572006
"461",1921,357584.762399149
"462",1922,316801.551439658
"463",1923,230610.27339322
"464",1924,238011.014234714
"465",1925,208700.439711989
"466",1926,349529.307866549
"467",1927,127681.227703913
"468",1928,162479.669691221
"469",1929,120326.384283273
"470",1930,138396.799109191
"471",1931,130800.581424294
"472",1932,128723.52841845
"473",1933,181091.879299072
"474",1934,170223.787822252
"475",1935,167696.67199424
"476",1936,193421.920669406
"477",1937,169384.839888785
"478",1938,168839.924469024
"479",1939,268321.119872795
"480",1940,210928.939699995
"481",1941,160282.918798101
"482",1942,162902.908896441
"483",1943,235131.617018574
"484",1944,353838.90765839
"485",1945,386742.961803486
"486",1946,143049.144284548
"487",1947,280676.969143594
"488",1948,170834.381336605
"489",1949,233569.714575062
"490",1950,185300.381859646
"491",1951,254582.432182334
"492",1952,216377.075149702
"493",1953,182300.989210123
"494",1954,186770.656080351
"495",1955,129020.448143178
"496",1956,270808.665117288
"497",1957,149003.299160983
"498",1958,262391.80074858
"499",1959,140236.771668123
"500",1960,96721.4279173521
"501",1961,131791.220097496
"502",1962,96702.9246410569
"503",1963,106834.843650752
"504",1964,101548.766812244
"505",1965,133939.924056921
"506",1966,139449.941256337
"507",1967,317006.262470078
"508",1968,391223.670413779
"509",1969,368913.622081302
"510",1970,382827.275558138
"511",1971,412541.365084761
"512",1972,363324.837183346
"513",1973,302304.429756302
"514",1974,328390.761615836
"515",1975,537290.417617482
"516",1976,297937.25184143
"517",1977,366565.351028257
"518",1978,333831.83027814
"519",1979,317911.387432551
"520",1980,205699.336228064
"521",1981,332390.400537286
"522",1982,237762.017103058
"523",1983,226217.771859213
"524",1984,184796.877453857
"525",1985,219980.918436367
"526",1986,212675.065005605
"527",1987,195881.972061089
"528",1988,175624.949814537
"529",1989,190464.672992388
"530",1990,210285.198883781
"531",1991,238228.873625737
"532",1992,220867.537999069
"533",1993,174122.979005833
"534",1994,225034.247182754
"535",1995,177666.285284154
"536",1996,293512.376784314
"537",1997,316472.416378737
"538",1998,319394.402312507
"539",1999,308594.248568278
"540",2000,332457.862320391
"541",2001,292233.311866382
"542",2002,242714.371234188
"543",2003,254902.684379203
"544",2004,299024.248911157
"545",2005,227735.133331705
"546",2006,226554.622903378
"547",2007,253368.373247743
"548",2008,237290.984020093
"549",2009,205290.35246206
"550",2010,196558.787006426
"551",2011,132187.138742836
"552",2012,183883.65795243
"553",2013,179653.695128935
"554",2014,185241.685040192
"555",2015,218013.786159261
"556",2016,194416.780560401
"557",2017,198099.379625714
"558",2018,110608.383954527
"559",2019,132716.908950106
"560",2020,92138.0100736038
"561",2021,108636.415837114
"562",2022,189983.422632078
"563",2023,140294.695654979
"564",2024,289323.470775793
"565",2025,352853.030817063
"566",2026,176769.112879286
"567",2027,163920.443024308
"568",2028,151952.492174591
"569",2029,165040.792157311
"570",2030,255147.139890729
"571",2031,235346.531923355
"572",2032,242420.479059314
"573",2033,244679.174411035
"574",2034,176735.123344339
"575",2035,216670.911722877
"576",2036,197159.540485487
"577",2037,215153.258094404
"578",2038,306754.187441376
"579",2039,244486.22763996
"580",2040,338157.035090696
"581",2041,293800.233575187
"582",2042,204313.067257404
"583",2043,171942.039090675
"584",2044,161600.767242653
"585",2045,210260.497009043
"586",2046,147998.841909548
"587",2047,138936.003021648
"588",2048,138082.843472552
"589",2049,130229.183163966
"590",2050,168588.524657108
"591",2051,104648.451911423
"592",2052,117843.325724135
"593",2053,140000.045051502
"594",2054,78357.272708282
"595",2055,155850.774344757
"596",2056,142873.832608727
"597",2057,108623.646895595
"598",2058,214080.587611871
"599",2059,125305.638147844
"600",2060,169767.569772715
"601",2061,161764.059439523
"602",2062,123021.162793025
"603",2063,119927.184074974
"604",2064,131160.567755092
"605",2065,140190.651089206
"606",2066,170572.635488947
"607",2067,112992.797657686
"608",2068,143562.088557059
"609",2069,78434.768624032
"610",2070,102192.882868001
"611",2071,91003.8587943977
"612",2072,137073.374940427
"613",2073,128038.933294323
"614",2074,150144.650581752
"615",2075,146364.74108445
"616",2076,117611.232038898
"617",2077,150739.964930863
"618",2078,121825.106797585
"619",2079,131149.631738362
"620",2080,108490.453773354
"621",2081,124639.926898828
"622",2082,126061.141118253
"623",2083,147247.8328966
"624",2084,105324.752874319
"625",2085,95001.4619871137
"626",2086,107591.448599903
"627",2087,111085.26682859
"628",2088,98647.0833863031
"629",2089,74853.4790172068
"630",2090,125895.07349958
"631",2091,100770.952585634
"632",2092,124212.999468752
"633",2093,118371.512267627
"634",2094,125814.632688547
"635",2095,158521.54503124
"636",2096,96669.477143586
"637",2097,93330.571335473
"638",2098,146741.684675801
"639",2099,42545.9263278155
"640",2100,59993.0208872539
"641",2101,112152.328808234
"642",2102,128886.99203524
"643",2103,100787.385421435
"644",2104,140419.016987487
"645",2105,130626.274937639
"646",2106,45004.4171351652
"647",2107,204175.400680171
"648",2108,103982.602264709
"649",2109,105827.850675363
"650",2110,115962.764470814
"651",2111,141856.163826044
"652",2112,133533.062236999
"653",2113,125129.215529209
"654",2114,111468.171227929
"655",2115,161714.621874031
"656",2116,130161.807101984
"657",2117,138684.60918634
"658",2118,129865.530827252
"659",2119,111660.895660999
"660",2120,108340.332434157
"661",2121,85829.3725776615
"662",2122,111742.02778097
"663",2123,95778.9113433573
"664",2124,168982.433620171
"665",2125,122422.783099983
"666",2126,165564.191102196
"667",2127,155455.680423576
"668",2128,138982.661357295
"669",2129,68912.1573183823
"670",2130,132481.3488975
"671",2131,134294.72279161
"672",2132,117645.573728222
"673",2133,125574.927256084
"674",2134,110705.453886593
"675",2135,92866.4205365618
"676",2136,65471.9646377653
"677",2137,104565.782868941
"678",2138,133443.049029609
"679",2139,144338.959123566
"680",2140,138561.330138948
"681",2141,169122.341194664
"682",2142,125992.716252831
"683",2143,148580.388378286
"684",2144,129766.228116217
"685",2145,138262.788477621
"686",2146,183435.502494396
"687",2147,151725.202235386
"688",2148,140170.183183006
"689",2149,155054.681935629
"690",2150,238874.969509782
"691",2151,122157.273834569
"692",2152,161368.428818163
"693",2153,172740.845817666
"694",2154,105764.72899403
"695",2155,134380.324577129
"696",2156,236013.58928905
"697",2157,231727.5837769
"698",2158,244723.34850984
"699",2159,220737.980711308
"700",2160,187846.390259024
"701",2161,241046.65233443
"702",2162,359383.682478835
"703",2163,322838.689251389
"704",2164,254595.076619877
"705",2165,204158.676087269
"706",2166,151374.213878999
"707",2167,216048.673464771
"708",2168,176910.101250664
"709",2169,196553.097100235
"710",2170,208861.06792755
"711",2171,152567.699592868
"712",2172,132447.043032343
"713",2173,169356.545679827
"714",2174,217996.318160652
"715",2175,285550.216010205
"716",2176,304024.580565182
"717",2177,240841.928730202
"718",2178,217660.517240717
"719",2179,137079.915253922
"720",2180,199180.17602721
"721",2181,194816.123749525
"722",2182,220182.983743389
"723",2183,196280.842684773
"724",2184,115441.88564008
"725",2185,122148.879022441
"726",2186,145016.392601903
"727",2187,150264.200331447
"728",2188,154256.942853607
"729",2189,264157.29663897
"730",2190,76082.5414487865
"731",2191,70069.9986216725
"732",2192,96321.6880128153
"733",2193,108052.831364701
"734",2194,106678.257555298
"735",2195,101482.728313954
"736",2196,100428.220698446
"737",2197,104378.247945701
"738",2198,161055.863275129
"739",2199,182841.662172982
"740",2200,142942.012798648
"741",2201,158089.797529219
"742",2202,193621.875340606
"743",2203,151227.15784085
"744",2204,178730.226927049
"745",2205,119415.532456149
"746",2206,144541.802325761
"747",2207,233515.862091403
"748",2208,247570.447540788
"749",2209,236634.968634793
"750",2210,122118.459747026
"751",2211,122669.988254842
"752",2212,106262.635261043
"753",2213,109795.865125042
"754",2214,134095.327969743
"755",2215,100888.562692357
"756",2216,137987.617583169
"757",2217,53978.2519602359
"758",2218,57194.8749221383
"759",2219,45802.8061401624
"760",2220,70557.5109867649
"761",2221,309910.727300464
"762",2222,266047.204403057
"763",2223,274292.799685218
"764",2224,214914.620047633
"765",2225,120915.666552953
"766",2226,168421.236819772
"767",2227,202231.094750974
"768",2228,282615.085858305
"769",2229,258953.49072311
"770",2230,150681.494610458
"771",2231,222408.644822284
"772",2232,182206.684589865
"773",2233,204226.406351353
"774",2234,252416.181628819
"775",2235,217541.24643209
"776",2236,257797.976351384
"777",2237,308529.719576869
"778",2238,201323.82707852
"779",2239,94631.9401666335
"780",2240,143531.173687017
"781",2241,141244.384456844
"782",2242,123716.80604345
"783",2243,119095.9139998
"784",2244,99952.5158528039
"785",2245,109592.0846983
"786",2246,141611.083228584
"787",2247,119661.512624622
"788",2248,118902.788736219
"789",2249,118483.406442179
"790",2250,126865.130584956
"791",2251,108909.010103385
"792",2252,180330.44699512
"793",2253,160955.101207604
"794",2254,179315.538629567
"795",2255,180434.06580283
"796",2256,173386.760031033
"797",2257,195982.555851543
"798",2258,157238.753185177
"799",2259,171504.072960242
"800",2260,146642.158987776
"801",2261,217868.487394491
"802",2262,235648.944531722
"803",2263,373267.299437857
"804",2264,448768.504104659
"805",2265,160495.058662139
"806",2266,298575.168208625
"807",2267,368060.998970262
"808",2268,414426.918055586
"809",2269,149645.902865262
"810",2270,198858.537827381
"811",2271,219128.44407441
"812",2272,196588.281663992
"813",2273,160668.661124063
"814",2274,180912.324873518
"815",2275,139422.852087594
"816",2276,187962.992781247
"817",2277,155467.665825494
"818",2278,145695.935811759
"819",2279,123821.202222244
"820",2280,104673.546382788
"821",2281,160946.590449314
"822",2282,173820.901357475
"823",2283,107517.069807549
"824",2284,107343.03877781
"825",2285,140060.388348674
"826",2286,115053.950281841
"827",2287,359683.844144691
"828",2288,301879.126705726
"829",2289,355778.971523488
"830",2290,408559.084878216
"831",2291,345267.434714222
"832",2292,407724.952531544
"833",2293,431700.292275003
"834",2294,375660.47892123
"835",2295,449884.95501137
"836",2296,280418.948298816
"837",2297,353221.799132696
"838",2298,360775.783310934
"839",2299,349836.171797642
"840",2300,327543.266598106
"841",2301,336056.453360103
"842",2302,266912.284315478
"843",2303,257054.043361109
"844",2304,268231.796651823
"845",2305,213315.866090606
"846",2306,206042.135728968
"847",2307,215681.011730141
"848",2308,241496.868842405
"849",2309,284325.542976253
"850",2310,234353.093200538
"851",2311,223354.30771925
"852",2312,186964.796231099
"853",2313,171957.096524082
"854",2314,183055.861021658
"855",2315,184118.138710655
"856",2316,204286.937713387
"857",2317,190878.264741565
"858",2318,182360.535712929
"859",2319,186346.827284564
"860",2320,185334.330358101
"861",2321,240838.785885685
"862",2322,196824.965831032
"863",2323,201849.576412515
"864",2324,187975.678971964
"865",2325,220631.405550401
"866",2326,180180.558424544
"867",2327,199541.831616761
"868",2328,220045.811944862
"869",2329,183622.322644666
"870",2330,173791.284525809
"871",2331,344103.156934218
"872",2332,377101.007731107
"873",2333,323303.647825462
"874",2334,274078.91954701
"875",2335,292021.9363672
"876",2336,322400.307844995
"877",2337,200683.355144299
"878",2338,262819.108539124
"879",2339,221940.655547213
"880",2340,367741.753679239
"881",2341,218060.075329036
"882",2342,236454.340393257
"883",2343,230366.992169047
"884",2344,216818.303533112
"885",2345,230296.502012247
"886",2346,221519.493759198
"887",2347,208893.710516079
"888",2348,251490.27643848
"889",2349,191646.157883835
"890",2350,303587.416953679
"891",2351,264688.462435297
"892",2352,248409.17921107
"893",2353,254030.710432506
"894",2354,145422.960393645
"895",2355,153248.381025583
"896",2356,147503.884344786
"897",2357,190731.415312726
"898",2358,197270.858317715
"899",2359,116891.26491346
"900",2360,115735.91838445
"901",2361,139242.686586891
"902",2362,244032.09860064
"903",2363,129100.28984869
"904",2364,176220.87765037
"905",2365,211632.303586316
"906",2366,195423.44926012
"907",2367,215281.395431233
"908",2368,213394.348059046
"909",2369,214981.405277839
"910",2370,162719.409286489
"911",2371,156680.405060632
"912",2372,194980.348317589
"913",2373,286191.224204496
"914",2374,296725.471011753
"915",2375,238945.99510074
"916",2376,291889.16564255
"917",2377,326922.214455096
"918",2378,157337.859076517
"919",2379,204523.64146328
"920",2380,128826.125669161
"921",2381,164195.723826346
"922",2382,206998.896241257
"923",2383,194647.319539964
"924",2384,234061.564432466
"925",2385,162693.55320417
"926",2386,125407.190631871
"927",2387,127601.014926794
"928",2388,104685.193087898
"929",2389,131592.724352608
"930",2390,161238.204883016
"931",2391,142323.816377343
"932",2392,118053.220472813
"933",2393,177563.789917013
"934",2394,138331.312253173
"935",2395,200122.166847197
"936",2396,137664.670470518
"937",2397,210027.000368502
"938",2398,117299.798872447
"939",2399,64086.082533214
"940",2400,55374.1391574776
"941",2401,118590.639449383
"942",2402,130917.837923027
"943",2403,139078.566291102
"944",2404,151256.290835773
"945",2405,154341.829882942
"946",2406,147379.028476611
"947",2407,115632.735213474
"948",2408,138990.115465442
"949",2409,116668.236014702
"950",2410,168244.930600342
"951",2411,113080.483487004
"952",2412,154258.937784558
"953",2413,122714.813228812
"954",2414,149970.482548589
"955",2415,130639.429562289
"956",2416,132776.365169609
"957",2417,141442.092051965
"958",2418,133216.649750132
"959",2419,103090.297503597
"960",2420,126108.777206382
"961",2421,126266.670222317
"962",2422,106828.186574805
"963",2423,114824.662449617
"964",2424,139014.377825891
"965",2425,206635.98849668
"966",2426,129364.493198898
"967",2427,143930.283628695
"968",2428,183932.621246528
"969",2429,96728.1450678965
"970",2430,126387.543153299
"971",2431,111342.927597878
"972",2432,151759.511598108
"973",2433,149007.084747705
"974",2434,138052.718611731
"975",2435,153234.459542062
"976",2436,107237.135464428
"977",2437,85448.1244923114
"978",2438,112021.389755172
"979",2439,100486.457615327
"980",2440,121826.310616928
"981",2441,94502.8747917415
"982",2442,94897.5804125519
"983",2443,136874.766757686
"984",2444,128945.864346313
"985",2445,81928.8433887205
"986",2446,131213.877673345
"987",2447,203440.033866507
"988",2448,138170.485435582
"989",2449,110718.225449797
"990",2450,153424.080697147
"991",2451,110946.120552021
"992",2452,208872.080823035
"993",2453,91611.372685431
"994",2454,108738.277165705
"995",2455,120104.40024295
"996",2456,133709.384746583
"997",2457,144309.805282501
"998",2458,143093.692608263
"999",2459,112585.133961254
"1000",2460,143349.397550187
"1001",2461,122927.013218656
"1002",2462,124073.845864859
"1003",2463,132910.659068455
"1004",2464,171723.94843953
"1005",2465,143360.019597154
"1006",2466,104092.468073027
"1007",2467,133321.101000598
"1008",2468,100004.812708632
"1009",2469,89257.630225787
"1010",2470,194744.883052331
"1011",2471,205526.436961577
"1012",2472,170129.257345854
"1013",2473,104448.603551201
"1014",2474,72641.5112597836
"1015",2475,194240.989664433
"1016",2476,106194.791177951
"1017",2477,125032.18708455
"1018",2478,142975.262567896
"1019",2479,95713.6293852811
"1020",2480,154493.426314726
"1021",2481,127771.951380438
"1022",2482,119473.052019385
"1023",2483,101697.332904547
"1024",2484,122835.454925073
"1025",2485,126829.676652561
"1026",2486,151162.585890192
"1027",2487,194451.354348928
"1028",2488,167023.14613241
"1029",2489,159507.135260773
"1030",2490,141681.822960111
"1031",2491,86204.6571961613
"1032",2492,194146.544305493
"1033",2493,164968.762966218
"1034",2494,145449.87370909
"1035",2495,72311.3877558235
"1036",2496,243776.150015636
"1037",2497,144888.710194313
"1038",2498,112496.283359423
"1039",2499,82814.4755212411
"1040",2500,112855.431489969
"1041",2501,119853.323703647
"1042",2502,130869.300372728
"1043",2503,97513.3154694235
"1044",2504,160277.266777273
"1045",2505,234571.449574286
"1046",2506,256806.99442281
"1047",2507,288444.40644658
"1048",2508,256286.643488348
"1049",2509,216229.09036364
"1050",2510,214494.628010098
"1051",2511,179638.391495878
"1052",2512,208815.180884949
"1053",2513,217998.015503255
"1054",2514,367332.843067254
"1055",2515,150459.279298784
"1056",2516,178532.958284916
"1057",2517,138165.276578988
"1058",2518,144480.45347163
"1059",2519,240927.965702513
"1060",2520,223200.976266023
"1061",2521,189108.984183541
"1062",2522,217711.770999763
"1063",2523,113842.477106309
"1064",2524,144601.839795625
"1065",2525,150800.701445414
"1066",2526,158365.626570869
"1067",2527,127329.406716904
"1068",2528,135149.52913108
"1069",2529,136679.454758197
"1070",2530,128956.188051949
"1071",2531,246319.531560247
"1072",2532,220846.035722355
"1073",2533,192960.413542042
"1074",2534,248429.554041879
"1075",2535,268153.5804312
"1076",2536,225074.258309028
"1077",2537,257043.219630272
"1078",2538,188286.000519677
"1079",2539,190465.068837329
"1080",2540,184618.256486434
"1081",2541,180531.247913786
"1082",2542,160780.246125008
"1083",2543,109041.531740791
"1084",2544,107352.377734719
"1085",2545,128056.607074787
"1086",2546,120699.020529617
"1087",2547,141201.975077556
"1088",2548,154573.798946119
"1089",2549,147142.31314827
"1090",2550,524124.421351272
"1091",2551,133350.482306966
"1092",2552,114596.185784062
"1093",2553,60216.672602597
"1094",2554,90536.169223226
"1095",2555,100605.934941
"1096",2556,94465.0725806944
"1097",2557,93578.8194814369
"1098",2558,171080.042386089
"1099",2559,137320.250322043
"1100",2560,156854.880519858
"1101",2561,153016.711692635
"1102",2562,151620.251556484
"1103",2563,143921.704947863
"1104",2564,201248.988523726
"1105",2565,162362.643258859
"1106",2566,154544.866528202
"1107",2567,141737.977547378
"1108",2568,216625.898272853
"1109",2569,233785.917113665
"1110",2570,114498.887240909
"1111",2571,184130.461921819
"1112",2572,151291.692188748
"1113",2573,219900.92859456
"1114",2574,331418.953187355
"1115",2575,135098.469445484
"1116",2576,128192.991947674
"1117",2577,150187.889675561
"1118",2578,75607.6495056985
"1119",2579,39084.4389968685
"1120",2580,101560.93912569
"1121",2581,117434.166362511
"1122",2582,128898.956744698
"1123",2583,283307.632719358
"1124",2584,173835.103622935
"1125",2585,184396.75234105
"1126",2586,221338.273074656
"1127",2587,198600.302963802
"1128",2588,150321.985171112
"1129",2589,149643.143854766
"1130",2590,204719.214979919
"1131",2591,234004.699315997
"1132",2592,218133.690264209
"1133",2593,255507.237428691
"1134",2594,189000.84688961
"1135",2595,208608.13828287
"1136",2596,298564.523728338
"1137",2597,183997.314095375
"1138",2598,273217.159607225
"1139",2599,334136.479242162
"1140",2600,138762.560380839
"1141",2601,122088.539129073
"1142",2602,65947.0660327899
"1143",2603,91847.8304767954
"1144",2604,80741.3087656822
"1145",2605,64124.4209206052
"1146",2606,147035.521222969
"1147",2607,200442.107214316
"1148",2608,191150.920882544
"1149",2609,158180.311114037
"1150",2610,114982.177650299
"1151",2611,132983.531811247
"1152",2612,156576.667812514
"1153",2613,122933.195339467
"1154",2614,111106.492223552
"1155",2615,154757.567143846
"1156",2616,157128.72879681
"1157",2617,186487.568552074
"1158",2618,242853.658562435
"1159",2619,199710.028891327
"1160",2620,177124.567898062
"1161",2621,170938.528829504
"1162",2622,172838.446188936
"1163",2623,235188.691222862
"1164",2624,287801.678746616
"1165",2625,292717.96822444
"1166",2626,165541.572899808
"1167",2627,181306.577320743
"1168",2628,463856.117132937
"1169",2629,492110.516346733
"1170",2630,393750.79239856
"1171",2631,452429.14875046
"1172",2632,418609.239204424
"1173",2633,310861.329068189
"1174",2634,407565.34211801
"1175",2635,138526.388093645
"1176",2636,174967.63435036
"1177",2637,189671.867748505
"1178",2638,264141.326635467
"1179",2639,192410.740308109
"1180",2640,147895.852844504
"1181",2641,97212.8388810525
"1182",2642,170795.578181865
"1183",2643,107066.437187216
"1184",2644,125950.834489511
"1185",2645,105389.009771441
"1186",2646,92446.5304832984
"1187",2647,99783.7490023022
"1188",2648,140294.839742204
"1189",2649,145762.418225384
"1190",2650,121704.642975418
"1191",2651,132023.073378325
"1192",2652,398026.214750264
"1193",2653,273543.043465854
"1194",2654,281280.828130145
"1195",2655,389411.979984281
"1196",2656,348284.085373529
"1197",2657,344617.843416531
"1198",2658,312852.363067315
"1199",2659,320935.758591345
"1200",2660,354922.276593906
"1201",2661,354502.531028342
"1202",2662,363936.895252438
"1203",2663,297167.761132418
"1204",2664,278795.800962873
"1205",2665,332097.832378731
"1206",2666,291425.527844067
"1207",2667,186370.227648422
"1208",2668,190268.745699086
"1209",2669,188698.120499986
"1210",2670,274879.646374174
"1211",2671,189612.310117419
"1212",2672,193513.119077166
"1213",2673,196317.927498493
"1214",2674,198043.206603967
"1215",2675,179706.947601177
"1216",2676,194087.509506144
"1217",2677,194138.010406464
"1218",2678,231298.199155181
"1219",2679,290636.623148201
"1220",2680,297812.786968774
"1221",2681,386517.458536448
"1222",2682,322775.5342281
"1223",2683,505000.402453129
"1224",2684,320674.531366596
"1225",2685,334217.198311643
"1226",2686,258941.422193957
"1227",2687,309260.065109366
"1228",2688,218939.669171968
"1229",2689,216992.405358456
"1230",2690,381168.436623495
"1231",2691,194262.754364668
"1232",2692,142029.649184061
"1233",2693,206761.842679949
"1234",2694,142430.304292471
"1235",2695,193596.489919066
"1236",2696,182734.299856556
"1237",2697,176865.004718324
"1238",2698,194912.240078539
"1239",2699,166044.302441155
"1240",2700,150003.673361596
"1241",2701,145392.709978247
"1242",2702,101416.64678418
"1243",2703,120798.341711906
"1244",2704,145901.438049432
"1245",2705,105037.204654912
"1246",2706,88528.3758529779
"1247",2707,101916.539611845
"1248",2708,133309.623158703
"1249",2709,108726.542367407
"1250",2710,127839.195321601
"1251",2711,289713.5714092
"1252",2712,386608.565310278
"1253",2713,174111.107165744
"1254",2714,139764.590683259
"1255",2715,166744.69837497
"1256",2716,139762.217619427
"1257",2717,196064.977580246
"1258",2718,228078.795532117
"1259",2719,148256.252906248
"1260",2720,171412.135642884
"1261",2721,126890.290650927
"1262",2722,158008.170465898
"1263",2723,149863.019171539
"1264",2724,119696.47819836
"1265",2725,123931.044577238
"1266",2726,134052.040596438
"1267",2727,183836.085352923
"1268",2728,181700.595384444
"1269",2729,135951.315165292
"1270",2730,139114.280892955
"1271",2731,134481.365278212
"1272",2732,136117.637324296
"1273",2733,154214.411523509
"1274",2734,124079.486087413
"1275",2735,134690.205709737
"1276",2736,134326.133046707
"1277",2737,118665.030431207
"1278",2738,125190.592483129
"1279",2739,146529.696076282
"1280",2740,138006.616903722
"1281",2741,134775.696718596
"1282",2742,158685.331117145
"1283",2743,156236.724239838
"1284",2744,159222.711165075
"1285",2745,144978.163592361
"1286",2746,135559.495672037
"1287",2747,163236.204615809
"1288",2748,128687.081652249
"1289",2749,133822.457426619
"1290",2750,114253.053013965
"1291",2751,134767.478870448
"1292",2752,193425.455911835
"1293",2753,158853.058893736
"1294",2754,214574.862816738
"1295",2755,135512.680252926
"1296",2756,90921.4109471592
"1297",2757,80244.3388698591
"1298",2758,75866.9788753234
"1299",2759,160585.195526102
"1300",2760,118371.234368342
"1301",2761,137046.55856647
"1302",2762,135805.25014051
"1303",2763,182526.767981969
"1304",2764,175724.361159304
"1305",2765,261005.528311923
"1306",2766,114442.481725812
"1307",2767,91706.6306817052
"1308",2768,129633.106144074
"1309",2769,137639.259775977
"1310",2770,144336.777941171
"1311",2771,100781.004727793
"1312",2772,109734.889734018
"1313",2773,167098.940453892
"1314",2774,134171.167372275
"1315",2775,107271.843844364
"1316",2776,146361.398266913
"1317",2777,144496.293138052
"1318",2778,110801.082304226
"1319",2779,120428.840021421
"1320",2780,97247.8441134753
"1321",2781,98603.746073064
"1322",2782,93762.1708859716
"1323",2783,101929.753833612
"1324",2784,130669.544335985
"1325",2785,135712.683179517
"1326",2786,59402.7857877133
"1327",2787,112477.026656951
"1328",2788,62386.544535677
"1329",2789,167282.714877283
"1330",2790,97192.5516959329
"1331",2791,109424.772243508
"1332",2792,57570.5987080902
"1333",2793,143626.318271369
"1334",2794,108145.977998753
"1335",2795,125915.907294191
"1336",2796,105289.816219992
"1337",2797,187299.605468123
"1338",2798,108157.772035051
"1339",2799,89691.3064397938
"1340",2800,75277.1912861875
"1341",2801,118727.698485376
"1342",2802,121492.848472397
"1343",2803,152342.285268607
"1344",2804,136887.902848289
"1345",2805,102239.181999588
"1346",2806,81051.1239621042
"1347",2807,172929.316431683
"1348",2808,155336.540654378
"1349",2809,123572.931608761
"1350",2810,122983.610625934
"1351",2811,159881.600752434
"1352",2812,167705.97095737
"1353",2813,148777.097141194
"1354",2814,143212.726517487
"1355",2815,103293.58837077
"1356",2816,212174.421162941
"1357",2817,167139.401913332
"1358",2818,124601.660347058
"1359",2819,181384.85927696
"1360",2820,136804.098432586
"1361",2821,99593.9293050695
"1362",2822,171944.931789816
"1363",2823,279191.111826744
"1364",2824,164693.376453173
"1365",2825,143200.017161588
"1366",2826,135333.425434788
"1367",2827,124977.692297023
"1368",2828,215627.899770696
"1369",2829,221940.909837961
"1370",2830,222853.858368459
"1371",2831,189495.071615964
"1372",2832,237805.66304191
"1373",2833,295358.630846697
"1374",2834,225761.674362804
"1375",2835,220418.11110182
"1376",2836,195808.351070684
"1377",2837,169434.848011484
"1378",2838,140641.381323995
"1379",2839,156516.087896527
"1380",2840,199214.74426485
"1381",2841,202732.534228236
"1382",2842,226529.669731842
"1383",2843,149541.419906222
"1384",2844,170010.822863367
"1385",2845,117385.970729079
"1386",2846,203327.6283662
"1387",2847,209293.789114834
"1388",2848,214806.253853735
"1389",2849,199675.88632139
"1390",2850,276086.316140028
"1391",2851,210855.685057142
"1392",2852,231157.055352449
"1393",2853,239687.477805374
"1394",2854,143181.62086213
"1395",2855,206599.570826596
"1396",2856,205196.124946422
"1397",2857,190934.114047599
"1398",2858,208558.225588866
"1399",2859,97907.5245162399
"1400",2860,141146.848247084
"1401",2861,124070.355845782
"1402",2862,188146.830266951
"1403",2863,136654.483997047
"1404",2864,241481.286108477
"1405",2865,131390.782003612
"1406",2866,124586.950846904
"1407",2867,82645.4797990495
"1408",2868,98863.3398954601
"1409",2869,91539.9108279057
"1410",2870,122608.707236742
"1411",2871,74405.5360695727
"1412",2872,42818.3097310133
"1413",2873,88025.7165920475
"1414",2874,123849.537819884
"1415",2875,116710.192703466
"1416",2876,164508.605257501
"1417",2877,139579.021014603
"1418",2878,162292.13906424
"1419",2879,140750.064295891
"1420",2880,94193.4112327356
"1421",2881,152474.401310427
"1422",2882,190584.875940872
"1423",2883,189186.630557274
"1424",2884,200728.385871827
"1425",2885,179629.429617275
"1426",2886,230700.158285245
"1427",2887,103731.955582711
"1428",2888,140609.399046899
"1429",2889,46793.3014464025
"1430",2890,71483.7031799074
"1431",2891,140115.009843866
"1432",2892,35255.7495462147
"1433",2893,73198.3342511391
"1434",2894,31857.3915173362
"1435",2895,317563.708394306
"1436",2896,275824.731656424
"1437",2897,202215.898011264
"1438",2898,141936.733640245
"1439",2899,213553.420474272
"1440",2900,156791.067534473
"1441",2901,197847.302567851
"1442",2902,179242.089195553
"1443",2903,322053.023888099
"1444",2904,338547.286677888
"1445",2905,81978.2825912322
"1446",2906,197572.904352395
"1447",2907,104711.314332029
"1448",2908,117242.204429916
"1449",2909,134549.522468284
"1450",2910,75421.9159377555
"1451",2911,69048.768367079
"1452",2912,151820.914075675
"1453",2913,61996.9453877227
"1454",2914,62248.7075333999
"1455",2915,71309.4764683488
"1456",2916,68584.7769993985
"1457",2917,163822.719987139
"1458",2918,110191.558909852
"1459",2919,226210.457721701
