"","Id","ridge"
"1",1461,104135.490282878
"2",1462,150747.183631965
"3",1463,174062.867339142
"4",1464,185237.738215562
"5",1465,219573.111660959
"6",1466,158332.689371952
"7",1467,166272.804217302
"8",1468,152818.777973585
"9",1469,197948.90578528
"10",1470,103526.735099738
"11",1471,170317.390827559
"12",1472,88412.6547232241
"13",1473,83649.5064125278
"14",1474,135197.72352639
"15",1475,85674.3710256362
"16",1476,358348.23503135
"17",1477,282721.093542275
"18",1478,296952.239867996
"19",1479,323958.327812356
"20",1480,459487.706176411
"21",1481,326460.044900285
"22",1482,234853.627905184
"23",1483,173027.33540398
"24",1484,167930.264117754
"25",1485,205152.469069324
"26",1486,199835.183476449
"27",1487,349008.62562333
"28",1488,227912.465942621
"29",1489,209743.710709303
"30",1490,242717.358312182
"31",1491,211469.735939803
"32",1492,84810.5157220186
"33",1493,215297.894150211
"34",1494,331230.411521883
"35",1495,305390.231536749
"36",1496,240507.572765815
"37",1497,161651.444228014
"38",1498,187464.484016829
"39",1499,166057.552111743
"40",1500,152854.680935711
"41",1501,193637.151868921
"42",1502,139315.433286096
"43",1503,309559.544339442
"44",1504,246014.967689836
"45",1505,231456.027750767
"46",1506,182207.000967267
"47",1507,248244.166868728
"48",1508,196274.070490501
"49",1509,151583.634135938
"50",1510,145081.593666366
"51",1511,161111.108335496
"52",1512,172158.099798661
"53",1513,137107.955796856
"54",1514,167285.367080279
"55",1515,196346.732011625
"56",1516,158445.29033936
"57",1517,164178.261329824
"58",1518,108767.468837042
"59",1519,230173.906575758
"60",1520,116060.138167527
"61",1521,124112.326923048
"62",1522,184918.531314021
"63",1523,88724.9355647113
"64",1524,88638.707331749
"65",1525,105960.818435873
"66",1526,98406.1156810934
"67",1527,91696.7874414261
"68",1528,114322.032056112
"69",1529,146495.255657162
"70",1530,210507.947065372
"71",1531,138949.756511608
"72",1532,96336.652266922
"73",1533,156593.042737693
"74",1534,109826.819329322
"75",1535,143145.865359913
"76",1536,89031.8098294657
"77",1537,40431.9969373211
"78",1538,167364.674686652
"79",1539,203288.504544633
"80",1540,116071.512600391
"81",1541,128858.655359936
"82",1542,126478.037317204
"83",1543,189572.962933744
"84",1544,84298.6306812604
"85",1545,113542.095897386
"86",1546,158679.055335772
"87",1547,145742.997464254
"88",1548,135413.735110058
"89",1549,124936.043200449
"90",1550,155568.261702374
"91",1551,99171.3472063914
"92",1552,144106.680063123
"93",1553,159112.044144034
"94",1554,100750.310579952
"95",1555,160295.882195801
"96",1556,82977.5061385184
"97",1557,103838.495524331
"98",1558,88767.4797130048
"99",1559,77913.4137853165
"100",1560,135852.340661279
"101",1561,94357.5332406009
"102",1562,129590.873438159
"103",1563,120485.385454675
"104",1564,158332.959312405
"105",1565,154457.916214747
"106",1566,247596.476842529
"107",1567,44662.9170093097
"108",1568,255338.759281475
"109",1569,116633.990865481
"110",1570,142433.340329326
"111",1571,89810.615417803
"112",1572,124492.351276491
"113",1573,256028.411980915
"114",1574,127864.328451502
"115",1575,247291.43777398
"116",1576,269150.004950691
"117",1577,186173.991472504
"118",1578,136145.760545887
"119",1579,130010.325089632
"120",1580,190599.434614021
"121",1581,158888.92987623
"122",1582,121399.292092253
"123",1583,298350.620827505
"124",1584,221596.523686105
"125",1585,136726.945658385
"126",1586,51372.5421254101
"127",1587,96688.150672987
"128",1588,156500.918531513
"129",1589,83606.5174437897
"130",1590,117307.90312652
"131",1591,79049.5711558284
"132",1592,105947.903791296
"133",1593,123196.136441074
"134",1594,132748.974425436
"135",1595,105161.69291427
"136",1596,219680.637359817
"137",1597,202076.093502236
"138",1598,215829.793448369
"139",1599,189600.225738052
"140",1600,184143.158978284
"141",1601,39825.3555908325
"142",1602,120128.354977145
"143",1603,43004.3481461835
"144",1604,277943.38363766
"145",1605,244848.535862761
"146",1606,154978.937661999
"147",1607,177110.440528907
"148",1608,216418.440649929
"149",1609,198861.845610333
"150",1610,151000.376487679
"151",1611,129083.181426027
"152",1612,179325.031904135
"153",1613,162012.239183374
"154",1614,130900.402447719
"155",1615,76281.4022202428
"156",1616,53226.8549470544
"157",1617,63436.9028106555
"158",1618,118720.926603887
"159",1619,162189.561268902
"160",1620,169047.809509107
"161",1621,124346.075731062
"162",1622,141424.723801322
"163",1623,275498.617348725
"164",1624,225444.280784214
"165",1625,103004.517390247
"166",1626,180894.872713067
"167",1627,183079.898994561
"168",1628,281910.930034343
"169",1629,175300.407018826
"170",1630,350467.798157798
"171",1631,254703.320858111
"172",1632,259741.710443188
"173",1633,185955.400629305
"174",1634,181749.352903116
"175",1635,176185.061835245
"176",1636,143489.093178298
"177",1637,176819.766046477
"178",1638,196876.47789699
"179",1639,169266.039953959
"180",1640,242664.080629514
"181",1641,166267.904251208
"182",1642,257085.567038245
"183",1643,230592.787095929
"184",1644,241159.408334008
"185",1645,192928.953650634
"186",1646,167954.499236851
"187",1647,152465.737936602
"188",1648,117398.482967474
"189",1649,131738.590553137
"190",1650,102237.648017643
"191",1651,100434.240795114
"192",1652,88695.9331588482
"193",1653,87772.6694579145
"194",1654,137614.96554911
"195",1655,120460.74408414
"196",1656,135626.198469574
"197",1657,146421.975707794
"198",1658,147999.726284103
"199",1659,102304.493946852
"200",1660,151511.414490418
"201",1661,400310.43520077
"202",1662,366045.323971451
"203",1663,375266.722915728
"204",1664,450831.310637464
"205",1665,318009.058030351
"206",1666,330151.30731621
"207",1667,355351.584695443
"208",1668,368662.225321758
"209",1669,323986.992971023
"210",1670,351405.563200289
"211",1671,295226.606051777
"212",1672,396559.194831301
"213",1673,318228.010300531
"214",1674,270296.565416996
"215",1675,226434.273773139
"216",1676,225723.846927117
"217",1677,235684.1373922
"218",1678,455286.007115264
"219",1679,377259.569253982
"220",1680,318976.572853131
"221",1681,271064.823977399
"222",1682,341731.727508184
"223",1683,206207.725185729
"224",1684,187549.585131719
"225",1685,183995.434828167
"226",1686,167539.752118385
"227",1687,173807.435448017
"228",1688,193508.815828001
"229",1689,198855.747297617
"230",1690,209052.585472121
"231",1691,197894.881234471
"232",1692,259975.296399782
"233",1693,190874.717825437
"234",1694,180047.321257524
"235",1695,167616.696704897
"236",1696,279522.532352136
"237",1697,161993.821956187
"238",1698,360000.751910196
"239",1699,371798.114744691
"240",1700,286918.634015972
"241",1701,300475.595711531
"242",1702,216362.42579554
"243",1703,215688.71939525
"244",1704,282863.928298085
"245",1705,261203.997819693
"246",1706,318993.500150107
"247",1707,216699.684035634
"248",1708,214521.898001848
"249",1709,267148.320381369
"250",1710,230575.793825135
"251",1711,280767.897870012
"252",1712,264396.638369985
"253",1713,272128.962500274
"254",1714,225975.315475549
"255",1715,212786.504954869
"256",1716,187131.837110365
"257",1717,184247.504704285
"258",1718,141484.795092272
"259",1719,231703.611435589
"260",1720,231038.415753647
"261",1721,154359.507218286
"262",1722,111622.447336146
"263",1723,147365.26734574
"264",1724,217355.650996338
"265",1725,248737.891194716
"266",1726,186826.264990866
"267",1727,138961.102470247
"268",1728,177291.954884847
"269",1729,171102.731329836
"270",1730,155708.296320266
"271",1731,115528.454911639
"272",1732,126344.887745799
"273",1733,105347.819029236
"274",1734,114589.058854784
"275",1735,108603.171232191
"276",1736,80897.8095884565
"277",1737,296164.792908754
"278",1738,287046.352226547
"279",1739,236176.991605022
"280",1740,215625.464553087
"281",1741,191094.751515199
"282",1742,169042.960052363
"283",1743,178851.054544776
"284",1744,327215.919586358
"285",1745,233216.33993933
"286",1746,177497.862108307
"287",1747,203969.053559377
"288",1748,212334.433883374
"289",1749,131328.46618675
"290",1750,108970.67944506
"291",1751,244786.874649007
"292",1752,93396.6039902259
"293",1753,147254.242204715
"294",1754,188449.096340293
"295",1755,177930.504910371
"296",1756,141593.896051767
"297",1757,114496.763102774
"298",1758,139827.975165473
"299",1759,160892.313569262
"300",1760,162246.486001496
"301",1761,148736.966867763
"302",1762,171150.478165374
"303",1763,187577.238073656
"304",1764,100600.093575413
"305",1765,151028.650282101
"306",1766,190220.605776245
"307",1767,219302.747562105
"308",1768,130341.23742667
"309",1769,158971.546305575
"310",1770,169843.594241796
"311",1771,107440.694928019
"312",1772,124400.947697903
"313",1773,105576.275241768
"314",1774,149273.634034059
"315",1775,145956.499322184
"316",1776,136908.359708311
"317",1777,90091.8955321747
"318",1778,151956.817765222
"319",1779,140456.217848331
"320",1780,167494.753741024
"321",1781,109552.265260043
"322",1782,60097.1447054705
"323",1783,140528.000193238
"324",1784,85215.8871805175
"325",1785,119674.727485947
"326",1786,144166.143596958
"327",1787,161751.295359838
"328",1788,12995.8971410114
"329",1789,94465.7339967477
"330",1790,63304.8956398791
"331",1791,201607.986531723
"332",1792,147827.300534347
"333",1793,119276.836312485
"334",1794,179665.374406662
"335",1795,129545.788672986
"336",1796,139379.524034369
"337",1797,119854.310314506
"338",1798,123030.32170849
"339",1799,94631.4855443925
"340",1800,135574.109227524
"341",1801,114001.266325963
"342",1802,118157.229203938
"343",1803,145857.793407242
"344",1804,133055.51370789
"345",1805,136676.164775057
"346",1806,115567.163550029
"347",1807,156863.071037389
"348",1808,128322.451058176
"349",1809,131251.910880249
"350",1810,137854.093211962
"351",1811,48602.5367809829
"352",1812,83721.494296715
"353",1813,115623.917506664
"354",1814,82321.469802486
"355",1815,29101.4313410349
"356",1816,80454.765622586
"357",1817,107646.326283356
"358",1818,142361.734690846
"359",1819,109001.315699812
"360",1820,46577.6778548578
"361",1821,95277.0425920291
"362",1822,156741.805782595
"363",1823,40235.8665599025
"364",1824,151075.892480918
"365",1825,138462.84990256
"366",1826,92767.6726946399
"367",1827,97593.8884472232
"368",1828,146828.911076783
"369",1829,150881.09521147
"370",1830,150715.224683098
"371",1831,141390.996791109
"372",1832,68715.540849931
"373",1833,142348.958475683
"374",1834,110090.861010153
"375",1835,108530.245594786
"376",1836,105145.532151375
"377",1837,95214.0701178606
"378",1838,117639.714070907
"379",1839,66792.7774860996
"380",1840,163824.988939182
"381",1841,123036.911087547
"382",1842,81750.1506223517
"383",1843,135140.284569854
"384",1844,155213.440848244
"385",1845,135950.638672127
"386",1846,158411.104671662
"387",1847,173405.182082494
"388",1848,21862.0352957638
"389",1849,100483.859148313
"390",1850,104676.719243137
"391",1851,146208.809884294
"392",1852,112622.146037493
"393",1853,117726.537209995
"394",1854,156583.569584652
"395",1855,174205.408805968
"396",1856,234880.980796085
"397",1857,114169.277244236
"398",1858,118506.103330062
"399",1859,101899.81360195
"400",1860,152226.900866388
"401",1861,104240.268369554
"402",1862,297480.914546467
"403",1863,281122.845153302
"404",1864,281155.4553164
"405",1865,339159.161226426
"406",1866,313687.774376467
"407",1867,229643.568938432
"408",1868,291676.63691716
"409",1869,220845.147817457
"410",1870,230349.185837795
"411",1871,258636.924837823
"412",1872,187061.176623883
"413",1873,269508.204781086
"414",1874,124373.562545329
"415",1875,156316.446946666
"416",1876,192128.915039403
"417",1877,205709.053696749
"418",1878,202250.972123505
"419",1879,137625.147622583
"420",1880,102699.366186358
"421",1881,256046.36793377
"422",1882,246554.765019808
"423",1883,179769.287889798
"424",1884,195646.646318118
"425",1885,215729.612938203
"426",1886,275511.676629198
"427",1887,229488.753360919
"428",1888,269341.601486898
"429",1889,178818.792050517
"430",1890,108699.956624465
"431",1891,91607.9220942085
"432",1892,86076.9359698134
"433",1893,113987.146427753
"434",1894,119895.288710735
"435",1895,132015.552226908
"436",1896,114243.373035581
"437",1897,132539.312601502
"438",1898,97490.1297195241
"439",1899,165034.2504417
"440",1900,165807.506875759
"441",1901,186211.10990268
"442",1902,155891.997299811
"443",1903,229827.078212867
"444",1904,148006.688182558
"445",1905,192998.388516825
"446",1906,134825.192362334
"447",1907,237307.229316282
"448",1908,84453.380441209
"449",1909,132654.834458798
"450",1910,104737.111885822
"451",1911,215360.474621232
"452",1912,313399.675570873
"453",1913,157279.787177847
"454",1914,60951.1587013968
"455",1915,320671.856224112
"456",1916,18814.5259551889
"457",1917,247473.302959904
"458",1918,130699.864999334
"459",1919,166469.450126264
"460",1920,140127.962060913
"461",1921,354394.488042482
"462",1922,319246.679751812
"463",1923,242879.842404078
"464",1924,251067.714571725
"465",1925,208867.048482707
"466",1926,355780.189906901
"467",1927,118301.497673312
"468",1928,164016.196717904
"469",1929,108838.736123433
"470",1930,129233.495407534
"471",1931,127663.069751846
"472",1932,121887.330334315
"473",1933,188990.304751255
"474",1934,167929.12008839
"475",1935,168297.320883781
"476",1936,196703.751120819
"477",1937,166598.097039854
"478",1938,165800.801211798
"479",1939,284139.378066449
"480",1940,217068.160416124
"481",1941,153171.645379444
"482",1942,149516.851763895
"483",1943,251004.545811074
"484",1944,371077.231465949
"485",1945,394872.490846509
"486",1946,131970.30963158
"487",1947,269466.242922259
"488",1948,165873.156651249
"489",1949,234724.965899804
"490",1950,185387.750101912
"491",1951,260005.972958258
"492",1952,218962.166613042
"493",1953,191362.96431172
"494",1954,186042.006135441
"495",1955,125548.378500549
"496",1956,278550.636250987
"497",1957,138468.048679987
"498",1958,257509.606942856
"499",1959,139406.030081612
"500",1960,80181.1487840661
"501",1961,131525.403180132
"502",1962,87322.8340079111
"503",1963,101923.218920252
"504",1964,90557.220616309
"505",1965,129343.891172246
"506",1966,126219.867961762
"507",1967,329411.806641412
"508",1968,396562.335213506
"509",1969,376075.398189566
"510",1970,391303.118482945
"511",1971,420275.471301047
"512",1972,381280.042876487
"513",1973,328052.650254013
"514",1974,338913.70292105
"515",1975,506231.319497827
"516",1976,306250.243275822
"517",1977,372444.028578084
"518",1978,345062.72506087
"519",1979,322710.588509759
"520",1980,201304.9756569
"521",1981,342141.06500244
"522",1982,243658.518532859
"523",1983,233061.000546581
"524",1984,194958.751716647
"525",1985,224156.59255254
"526",1986,214643.680729161
"527",1987,202537.170075359
"528",1988,178237.939980478
"529",1989,196505.331404411
"530",1990,213093.0047862
"531",1991,250263.858990579
"532",1992,230805.515173116
"533",1993,175815.073040303
"534",1994,224362.365522994
"535",1995,179929.504576198
"536",1996,314043.48849425
"537",1997,333589.231595499
"538",1998,329934.557607945
"539",1999,334684.374055313
"540",2000,346253.30157895
"541",2001,325674.248845559
"542",2002,245029.700061347
"543",2003,265946.561009879
"544",2004,311733.752507951
"545",2005,228673.552975273
"546",2006,230392.666927546
"547",2007,254631.710235532
"548",2008,249976.759670701
"549",2009,214394.438290827
"550",2010,201443.288746791
"551",2011,126000.227095157
"552",2012,185380.195389241
"553",2013,182544.856429637
"554",2014,188325.645046363
"555",2015,232456.163899814
"556",2016,200220.040965398
"557",2017,199647.834136188
"558",2018,99161.5904128588
"559",2019,126324.93402854
"560",2020,68449.9936640979
"561",2021,103295.976137863
"562",2022,193937.001817167
"563",2023,133330.483736924
"564",2024,313423.172473057
"565",2025,368412.959041843
"566",2026,170463.839028616
"567",2027,163939.771897516
"568",2028,148199.191961736
"569",2029,156863.521714528
"570",2030,250740.474403026
"571",2031,227603.236836752
"572",2032,234893.602217194
"573",2033,238055.40613932
"574",2034,169480.515187377
"575",2035,219019.979134914
"576",2036,202660.494874452
"577",2037,220548.156326113
"578",2038,306444.437760698
"579",2039,260440.143320758
"580",2040,341174.684312991
"581",2041,300114.429942162
"582",2042,206557.334131956
"583",2043,172068.287104979
"584",2044,158711.682803724
"585",2045,209198.992909826
"586",2046,144171.873884633
"587",2047,129541.713388836
"588",2048,139048.406320763
"589",2049,129367.367998404
"590",2050,160114.617668795
"591",2051,95883.6610090682
"592",2052,106854.148908969
"593",2053,136529.546250333
"594",2054,67326.2057732513
"595",2055,150434.211941123
"596",2056,138848.102413977
"597",2057,97015.2346127271
"598",2058,224185.90394022
"599",2059,118210.892654895
"600",2060,173054.910427411
"601",2061,151952.818517802
"602",2062,111044.099344054
"603",2063,110725.010474003
"604",2064,126151.259250008
"605",2065,143679.646138693
"606",2066,165497.742668532
"607",2067,106343.643680396
"608",2068,141681.24318125
"609",2069,63588.6255496859
"610",2070,92987.0224995325
"611",2071,82438.7009967688
"612",2072,146154.652495434
"613",2073,115136.097835135
"614",2074,154919.187377053
"615",2075,145504.394818747
"616",2076,110151.856185137
"617",2077,153595.80225473
"618",2078,112323.799539387
"619",2079,126189.316848626
"620",2080,94177.8042787476
"621",2081,115157.792333389
"622",2082,129935.78911427
"623",2083,146733.07097839
"624",2084,90448.2268560927
"625",2085,70467.1141670755
"626",2086,100660.513061872
"627",2087,97822.6607280145
"628",2088,89585.7562530563
"629",2089,55726.1696521108
"630",2090,122526.672536992
"631",2091,87674.3112307614
"632",2092,121688.137049184
"633",2093,104550.193508009
"634",2094,117792.832524744
"635",2095,158077.407653132
"636",2096,88849.5234911214
"637",2097,87622.1315517738
"638",2098,145015.392808803
"639",2099,21946.4317499007
"640",2100,40786.8514449269
"641",2101,109840.301716292
"642",2102,122573.044488077
"643",2103,90573.8024620283
"644",2104,143918.037555244
"645",2105,135442.592677668
"646",2106,18952.3789169298
"647",2107,203048.071963216
"648",2108,87914.7759561429
"649",2109,90085.6988461451
"650",2110,109415.147837602
"651",2111,138792.092979806
"652",2112,129228.322284805
"653",2113,116128.743209527
"654",2114,101963.900865482
"655",2115,162459.681624831
"656",2116,125141.079666017
"657",2117,138721.100933018
"658",2118,128671.999936713
"659",2119,111699.232331095
"660",2120,101852.296975426
"661",2121,66043.8391424974
"662",2122,111358.210692265
"663",2123,81626.0500289859
"664",2124,170256.586515559
"665",2125,119422.960844833
"666",2126,174723.106585205
"667",2127,159642.964839629
"668",2128,139449.058836506
"669",2129,25830.8529449787
"670",2130,125957.236166032
"671",2131,132852.75688206
"672",2132,111261.668456875
"673",2133,115055.593461606
"674",2134,101139.252378295
"675",2135,65650.8408573427
"676",2136,45542.864292898
"677",2137,90790.2591907491
"678",2138,128354.153131668
"679",2139,137282.991185276
"680",2140,137005.578540599
"681",2141,177340.91712434
"682",2142,121366.097747542
"683",2143,151864.149101323
"684",2144,119758.166788204
"685",2145,133448.377971355
"686",2146,185900.277594105
"687",2147,143432.961178808
"688",2148,146520.304239766
"689",2149,171559.846145591
"690",2150,249167.391361639
"691",2151,115426.261248892
"692",2152,157385.707907124
"693",2153,181724.232436101
"694",2154,99776.9601758968
"695",2155,137574.100734844
"696",2156,229795.160931672
"697",2157,239313.13686795
"698",2158,255810.330217969
"699",2159,226062.155268728
"700",2160,202786.92150628
"701",2161,240070.102092943
"702",2162,353572.702481758
"703",2163,319481.792436805
"704",2164,258261.825755416
"705",2165,213585.979473571
"706",2166,146840.435703337
"707",2167,219974.650827128
"708",2168,161177.556959896
"709",2169,198145.667062663
"710",2170,208264.884055406
"711",2171,144664.039553951
"712",2172,126754.537126711
"713",2173,162754.735730108
"714",2174,217454.196104025
"715",2175,288623.519861438
"716",2176,307147.441552269
"717",2177,248789.404278904
"718",2178,218742.224615709
"719",2179,127492.207389177
"720",2180,201594.204992834
"721",2181,194604.579143279
"722",2182,219748.774732219
"723",2183,199138.221016565
"724",2184,108709.958182143
"725",2185,120631.05635701
"726",2186,146287.430170932
"727",2187,152601.912867643
"728",2188,158815.497646431
"729",2189,287835.874640624
"730",2190,63212.8215721161
"731",2191,58584.179672871
"732",2192,91135.5249111454
"733",2193,105385.931645956
"734",2194,108812.67466898
"735",2195,93000.5057782015
"736",2196,90436.6592043217
"737",2197,98847.2875103028
"738",2198,155920.8919506
"739",2199,180488.204568094
"740",2200,148869.546025489
"741",2201,160368.150014367
"742",2202,195730.331258275
"743",2203,155223.341455126
"744",2204,181752.86485948
"745",2205,111297.759911785
"746",2206,139671.455508301
"747",2207,239816.300913675
"748",2208,256950.739597531
"749",2209,252844.103478654
"750",2210,117205.826890295
"751",2211,114206.83942833
"752",2212,91781.2533189372
"753",2213,104483.920418681
"754",2214,124124.68170052
"755",2215,86288.4950048349
"756",2216,126970.565063868
"757",2217,29910.6051928756
"758",2218,39161.3028718463
"759",2219,29317.0002987336
"760",2220,10990.1036575316
"761",2221,320505.840234025
"762",2222,283234.070106951
"763",2223,281245.78167238
"764",2224,214916.581527941
"765",2225,109638.97727063
"766",2226,166383.114934762
"767",2227,201670.171162933
"768",2228,288404.663431586
"769",2229,269643.458372603
"770",2230,143032.319268829
"771",2231,227868.973900811
"772",2232,176024.929543746
"773",2233,208915.61563859
"774",2234,260040.500633951
"775",2235,225327.668568657
"776",2236,262320.754965401
"777",2237,308041.678720272
"778",2238,200777.696200856
"779",2239,74884.6057527084
"780",2240,133608.785960885
"781",2241,147837.002765299
"782",2242,118059.959522892
"783",2243,117139.049757497
"784",2244,95365.4721514058
"785",2245,108221.205294988
"786",2246,133302.055482492
"787",2247,124031.806881715
"788",2248,108187.075324512
"789",2249,109008.02208256
"790",2250,115200.697816244
"791",2251,99539.4688735631
"792",2252,182572.289939934
"793",2253,155971.253287701
"794",2254,177106.568196966
"795",2255,177978.399035648
"796",2256,166976.413641725
"797",2257,189699.856026375
"798",2258,144377.225211157
"799",2259,169105.079355256
"800",2260,129861.087932884
"801",2261,234281.080076754
"802",2262,250871.509614163
"803",2263,385272.274519466
"804",2264,439465.163794519
"805",2265,163332.972779791
"806",2266,305655.145286624
"807",2267,385402.899893898
"808",2268,430890.325508463
"809",2269,148630.213638315
"810",2270,204784.370674344
"811",2271,214717.142858764
"812",2272,213905.942672275
"813",2273,154672.330365563
"814",2274,182126.887716204
"815",2275,127941.711081024
"816",2276,181546.697394893
"817",2277,143948.881470386
"818",2278,142175.72771576
"819",2279,120728.071140024
"820",2280,92950.1467721791
"821",2281,156342.506264123
"822",2282,172303.761497927
"823",2283,104862.997989607
"824",2284,103413.01560209
"825",2285,130999.888050276
"826",2286,106328.6501718
"827",2287,373424.552321866
"828",2288,319669.416195747
"829",2289,359376.700734866
"830",2290,422888.919424317
"831",2291,354792.5437356
"832",2292,406781.738915026
"833",2293,428425.443183842
"834",2294,381272.136261745
"835",2295,466748.157350225
"836",2296,297359.380342586
"837",2297,372345.389679861
"838",2298,370291.594370596
"839",2299,358769.978716969
"840",2300,332467.995213291
"841",2301,353005.971240612
"842",2302,280237.440662527
"843",2303,265360.844523624
"844",2304,287156.263118499
"845",2305,230127.767383442
"846",2306,217734.114008109
"847",2307,228711.102306321
"848",2308,249001.168513502
"849",2309,292759.974487345
"850",2310,244139.351883832
"851",2311,233476.629736003
"852",2312,192432.106370136
"853",2313,171769.806048158
"854",2314,182864.505939191
"855",2315,191691.325016573
"856",2316,207844.281396547
"857",2317,191611.719924151
"858",2318,186777.997503565
"859",2319,190065.487926511
"860",2320,182630.044726348
"861",2321,241261.996649052
"862",2322,207526.461804905
"863",2323,203839.210242499
"864",2324,195437.152363117
"865",2325,225695.392651779
"866",2326,182838.988981025
"867",2327,199817.790199406
"868",2328,226836.985735072
"869",2329,183162.580176591
"870",2330,171931.607992251
"871",2331,363829.743536411
"872",2332,381090.967743275
"873",2333,334396.374274503
"874",2334,291496.755716251
"875",2335,309920.625234055
"876",2336,332753.981457828
"877",2337,196038.767600588
"878",2338,257619.296151779
"879",2339,224636.728473878
"880",2340,377791.460651318
"881",2341,221384.326553857
"882",2342,238354.558420784
"883",2343,241177.302195835
"884",2344,211079.827816802
"885",2345,236775.628795693
"886",2346,224486.488945798
"887",2347,211172.218254147
"888",2348,261130.904058643
"889",2349,197949.395905305
"890",2350,309774.618533478
"891",2351,273143.309367803
"892",2352,248057.812100562
"893",2353,261892.725640131
"894",2354,154697.204636961
"895",2355,155289.550396654
"896",2356,139829.871333853
"897",2357,190280.878587618
"898",2358,203596.372387316
"899",2359,106402.250493735
"900",2360,105782.258375919
"901",2361,137061.634597187
"902",2362,252609.053682194
"903",2363,114776.691308893
"904",2364,177526.745600297
"905",2365,209150.039351465
"906",2366,193007.942124757
"907",2367,209079.89729633
"908",2368,216347.637511652
"909",2369,210287.61879217
"910",2370,157942.005363257
"911",2371,148905.265410125
"912",2372,202708.22793415
"913",2373,299022.210701965
"914",2374,299294.340212704
"915",2375,242884.78589467
"916",2376,306456.687828423
"917",2377,329858.998940219
"918",2378,150283.386744063
"919",2379,208890.121202553
"920",2380,115308.321425929
"921",2381,164850.175106098
"922",2382,210843.886624442
"923",2383,189813.121749372
"924",2384,238786.566417379
"925",2385,162548.664686116
"926",2386,114308.034930058
"927",2387,117005.132374363
"928",2388,99006.5808165553
"929",2389,129954.090837661
"930",2390,162688.123237512
"931",2391,145092.488834219
"932",2392,115950.16865847
"933",2393,182194.294852803
"934",2394,134923.995717265
"935",2395,201878.99972771
"936",2396,128960.574625727
"937",2397,211804.736679542
"938",2398,111544.443733936
"939",2399,46631.9822936721
"940",2400,41483.733525583
"941",2401,111180.771692541
"942",2402,126958.833701516
"943",2403,138306.514207882
"944",2404,147874.249089476
"945",2405,154725.953324415
"946",2406,142726.603851867
"947",2407,107158.552513599
"948",2408,146650.541540967
"949",2409,108989.970081252
"950",2410,162610.111032087
"951",2411,101316.982843226
"952",2412,154523.177154856
"953",2413,113187.46356649
"954",2414,149839.768008253
"955",2415,129364.322449767
"956",2416,126535.164086234
"957",2417,139369.626346746
"958",2418,128435.153085969
"959",2419,91941.3672934222
"960",2420,122250.990655251
"961",2421,122880.514525258
"962",2422,96045.651227812
"963",2423,112984.726752925
"964",2424,139732.293529111
"965",2425,218195.113970035
"966",2426,131352.110305827
"967",2427,147101.062770107
"968",2428,188880.227477205
"969",2429,82486.0441291581
"970",2430,115331.863917912
"971",2431,100098.147938275
"972",2432,157447.955937113
"973",2433,149096.717294548
"974",2434,136926.014323114
"975",2435,156025.027626038
"976",2436,98220.6947962139
"977",2437,62676.3951568214
"978",2438,104416.340048206
"979",2439,91628.2919220753
"980",2440,116420.929189787
"981",2441,81694.5626954315
"982",2442,82226.7268807493
"983",2443,133290.934268681
"984",2444,131176.079974024
"985",2445,72838.0767924794
"986",2446,129307.170231063
"987",2447,212410.21426945
"988",2448,134832.458731281
"989",2449,109099.664004291
"990",2450,151800.464950693
"991",2451,125697.385971209
"992",2452,196029.953336108
"993",2453,76015.0274638687
"994",2454,96479.3126901309
"995",2455,122485.361109907
"996",2456,126351.620897107
"997",2457,145104.696541296
"998",2458,145783.961730887
"999",2459,106306.416887926
"1000",2460,146886.606326113
"1001",2461,119071.125952717
"1002",2462,120041.421171122
"1003",2463,131337.527571065
"1004",2464,172945.131585927
"1005",2465,147854.941125464
"1006",2466,98825.5765319049
"1007",2467,127430.53276724
"1008",2468,96646.4187058729
"1009",2469,77895.3009833898
"1010",2470,191767.202190248
"1011",2471,203111.306524078
"1012",2472,164074.890420364
"1013",2473,89461.8379990833
"1014",2474,50503.2931988691
"1015",2475,187202.612723967
"1016",2476,90217.6006154045
"1017",2477,117641.842192339
"1018",2478,137695.843352296
"1019",2479,76628.7736809953
"1020",2480,155965.369324741
"1021",2481,123539.185525435
"1022",2482,105983.040855827
"1023",2483,87222.9419809183
"1024",2484,115301.543275306
"1025",2485,118837.110667386
"1026",2486,158504.13207728
"1027",2487,201955.866515856
"1028",2488,171654.746658367
"1029",2489,155405.065880744
"1030",2490,130087.166649589
"1031",2491,81184.2914540393
"1032",2492,201291.740346262
"1033",2493,169856.224634068
"1034",2494,141240.112370772
"1035",2495,43328.820764211
"1036",2496,250951.778604102
"1037",2497,142982.080286078
"1038",2498,101221.274875094
"1039",2499,71774.3340595847
"1040",2500,103148.102629972
"1041",2501,110700.341168277
"1042",2502,130563.976763062
"1043",2503,91220.2863003394
"1044",2504,156919.572318332
"1045",2505,240595.876773538
"1046",2506,261521.084651145
"1047",2507,293415.170760562
"1048",2508,260964.302588439
"1049",2509,217764.092654531
"1050",2510,214099.980098544
"1051",2511,175219.729577773
"1052",2512,209902.97039655
"1053",2513,226268.867279074
"1054",2514,400074.110183173
"1055",2515,150085.374019652
"1056",2516,178676.559448434
"1057",2517,136274.954148221
"1058",2518,141266.005711327
"1059",2519,255749.176766452
"1060",2520,232217.886171689
"1061",2521,187527.993302037
"1062",2522,221515.985595095
"1063",2523,103099.548746619
"1064",2524,140797.645084902
"1065",2525,144777.51600812
"1066",2526,167056.93265807
"1067",2527,119957.111189201
"1068",2528,126412.893646337
"1069",2529,127862.735650656
"1070",2530,119204.876311915
"1071",2531,251667.373501754
"1072",2532,223307.086941171
"1073",2533,191948.762349681
"1074",2534,260053.563146937
"1075",2535,267711.030053141
"1076",2536,219496.228060271
"1077",2537,263917.412450018
"1078",2538,193491.998014968
"1079",2539,191294.668101302
"1080",2540,188040.562644897
"1081",2541,183431.757101664
"1082",2542,160037.474593872
"1083",2543,99656.0378816765
"1084",2544,96630.7476546695
"1085",2545,123243.818911887
"1086",2546,111081.981432308
"1087",2547,145281.684954984
"1088",2548,158587.592716655
"1089",2549,154363.503032461
"1090",2550,569269.344396113
"1091",2551,126784.011401803
"1092",2552,104380.113438147
"1093",2553,40713.1389008507
"1094",2554,82423.4890270048
"1095",2555,94720.5111106329
"1096",2556,80938.5505829579
"1097",2557,79511.9177617731
"1098",2558,189725.14597044
"1099",2559,139501.836463768
"1100",2560,165986.27877855
"1101",2561,156297.182956201
"1102",2562,157151.386953409
"1103",2563,137525.251165161
"1104",2564,202591.529041051
"1105",2565,166164.802271968
"1106",2566,163219.621988585
"1107",2567,140528.89577792
"1108",2568,225524.896785571
"1109",2569,248306.061258211
"1110",2570,105734.754856085
"1111",2571,191684.485101619
"1112",2572,145119.551408561
"1113",2573,232620.806103085
"1114",2574,330765.671615927
"1115",2575,133094.717096134
"1116",2576,124515.98536799
"1117",2577,153276.822758561
"1118",2578,51356.8464319924
"1119",2579,9080.16828459283
"1120",2580,91313.2109385228
"1121",2581,127726.294480321
"1122",2582,141318.838810074
"1123",2583,297564.219364988
"1124",2584,187637.858856069
"1125",2585,187477.989155892
"1126",2586,223580.953776833
"1127",2587,199328.713698576
"1128",2588,139245.659010436
"1129",2589,143669.680014258
"1130",2590,203998.676266591
"1131",2591,244941.010897756
"1132",2592,219174.390987839
"1133",2593,271244.684636084
"1134",2594,184514.851675596
"1135",2595,208601.696605416
"1136",2596,300806.775103845
"1137",2597,183945.997784779
"1138",2598,286386.563026204
"1139",2599,341127.265394719
"1140",2600,158994.563417886
"1141",2601,102141.068783399
"1142",2602,49526.3854956675
"1143",2603,83242.3636535569
"1144",2604,74086.6482721891
"1145",2605,50869.9084580635
"1146",2606,142661.488572071
"1147",2607,210239.27899919
"1148",2608,192309.073280255
"1149",2609,155971.718164202
"1150",2610,109608.52777978
"1151",2611,134973.607263867
"1152",2612,156507.518700486
"1153",2613,110888.805116946
"1154",2614,93527.874654894
"1155",2615,152275.484930842
"1156",2616,158694.471813588
"1157",2617,192559.197781219
"1158",2618,265501.083588662
"1159",2619,200606.293014359
"1160",2620,174549.931535675
"1161",2621,164302.410297591
"1162",2622,169640.514979048
"1163",2623,234584.131262476
"1164",2624,302747.571825865
"1165",2625,298260.791938666
"1166",2626,159462.527636933
"1167",2627,177796.229569213
"1168",2628,467465.295277635
"1169",2629,481707.740232202
"1170",2630,408111.669142156
"1171",2631,452568.917162941
"1172",2632,421442.712910144
"1173",2633,319443.536147365
"1174",2634,414074.060392365
"1175",2635,129996.923194955
"1176",2636,170034.441727494
"1177",2637,191674.193192226
"1178",2638,273378.803946414
"1179",2639,188494.017870164
"1180",2640,143207.133602109
"1181",2641,84594.1195950628
"1182",2642,165575.88807831
"1183",2643,98719.136030628
"1184",2644,119038.88897511
"1185",2645,100358.690757989
"1186",2646,84875.3929285556
"1187",2647,95109.9233146558
"1188",2648,131551.610180357
"1189",2649,142595.70227098
"1190",2650,102659.72042647
"1191",2651,128609.097493816
"1192",2652,386617.16445548
"1193",2653,281323.416674693
"1194",2654,295449.333098065
"1195",2655,400772.341507317
"1196",2656,361844.866911735
"1197",2657,362319.988700561
"1198",2658,332528.262591582
"1199",2659,336395.124088689
"1200",2660,375996.648891572
"1201",2661,364238.5864506
"1202",2662,375796.923908697
"1203",2663,314175.690305785
"1204",2664,285072.679990934
"1205",2665,337896.734206775
"1206",2666,303485.637252165
"1207",2667,194713.424369306
"1208",2668,195275.090459085
"1209",2669,192363.119964547
"1210",2670,278090.625342335
"1211",2671,195051.457517374
"1212",2672,199842.169560339
"1213",2673,193820.348060508
"1214",2674,197486.704326636
"1215",2675,184352.119257726
"1216",2676,198948.655083722
"1217",2677,192751.152578763
"1218",2678,225209.048509196
"1219",2679,305289.207737717
"1220",2680,318957.05441948
"1221",2681,395955.330974471
"1222",2682,335729.49630559
"1223",2683,477688.001482848
"1224",2684,336980.679454856
"1225",2685,342539.472286956
"1226",2686,276288.716295247
"1227",2687,307668.240224582
"1228",2688,210990.707739277
"1229",2689,218030.218270193
"1230",2690,356109.739525213
"1231",2691,194736.975431116
"1232",2692,146478.078424212
"1233",2693,214097.494687119
"1234",2694,137326.983609811
"1235",2695,198572.115113136
"1236",2696,185700.426734848
"1237",2697,173646.699083101
"1238",2698,199367.564327916
"1239",2699,160395.195184264
"1240",2700,142130.974909486
"1241",2701,134271.387552962
"1242",2702,86555.7669933022
"1243",2703,109022.433274854
"1244",2704,147419.926123613
"1245",2705,84600.9906292394
"1246",2706,64676.1573258062
"1247",2707,84107.9344285965
"1248",2708,128946.208476167
"1249",2709,105315.43821092
"1250",2710,122224.805424358
"1251",2711,305282.825988081
"1252",2712,399699.191307109
"1253",2713,167068.735764567
"1254",2714,135497.373536383
"1255",2715,164025.103644147
"1256",2716,128270.299334597
"1257",2717,209849.020415736
"1258",2718,229592.662491109
"1259",2719,136213.106713638
"1260",2720,174403.84180543
"1261",2721,113386.844325784
"1262",2722,154710.709124636
"1263",2723,145269.369108967
"1264",2724,111167.957092753
"1265",2725,114805.045964409
"1266",2726,128005.339125813
"1267",2727,192292.267974886
"1268",2728,189160.198406756
"1269",2729,131869.88788657
"1270",2730,133978.728002256
"1271",2731,129405.767660546
"1272",2732,138334.79748369
"1273",2733,150523.351469574
"1274",2734,129511.315442996
"1275",2735,130684.354778327
"1276",2736,128913.412694387
"1277",2737,109500.184912939
"1278",2738,117864.593577033
"1279",2739,138784.904149108
"1280",2740,132073.70428342
"1281",2741,128637.406438497
"1282",2742,159632.544432034
"1283",2743,157914.602111357
"1284",2744,162058.981465873
"1285",2745,144866.52967699
"1286",2746,130927.854238593
"1287",2747,162632.200816354
"1288",2748,123964.026518581
"1289",2749,131731.887368607
"1290",2750,104662.957629663
"1291",2751,128031.110686641
"1292",2752,213018.785649685
"1293",2753,161792.741157809
"1294",2754,217804.533119278
"1295",2755,133983.560388274
"1296",2756,83059.3537542255
"1297",2757,72305.3096329441
"1298",2758,62845.5465709132
"1299",2759,161641.556584658
"1300",2760,113569.214208293
"1301",2761,133656.104130597
"1302",2762,133555.752649355
"1303",2763,180496.358198552
"1304",2764,178660.466629384
"1305",2765,268900.504261358
"1306",2766,114592.476875417
"1307",2767,86459.6110360863
"1308",2768,134649.685127894
"1309",2769,138646.835372998
"1310",2770,134455.087426167
"1311",2771,85110.9086646803
"1312",2772,100339.285981932
"1313",2773,176462.768625981
"1314",2774,127293.127427544
"1315",2775,103136.682828288
"1316",2776,143540.115654594
"1317",2777,140379.629265248
"1318",2778,104630.340886196
"1319",2779,111626.601634791
"1320",2780,89783.2009677873
"1321",2781,85465.1209139464
"1322",2782,82309.9894861772
"1323",2783,94576.5643849129
"1324",2784,127822.024485843
"1325",2785,134214.664557943
"1326",2786,34614.8206610972
"1327",2787,106665.135220525
"1328",2788,40114.829757488
"1329",2789,166358.439288461
"1330",2790,98877.533733889
"1331",2791,102342.238821196
"1332",2792,47188.1861407052
"1333",2793,151155.383496837
"1334",2794,104028.151331104
"1335",2795,121287.819953394
"1336",2796,99310.877684026
"1337",2797,169446.293694469
"1338",2798,107676.699595823
"1339",2799,66381.6652508926
"1340",2800,63169.5159193232
"1341",2801,110314.739373036
"1342",2802,111569.609657402
"1343",2803,141904.950410767
"1344",2804,129794.627482462
"1345",2805,92969.9133976941
"1346",2806,62103.6370579201
"1347",2807,179748.263872188
"1348",2808,159479.972785737
"1349",2809,113088.070675072
"1350",2810,114709.390962948
"1351",2811,163788.621227294
"1352",2812,176601.985002719
"1353",2813,149957.531022226
"1354",2814,141985.657409925
"1355",2815,97320.1908452544
"1356",2816,211975.537479051
"1357",2817,159397.659864141
"1358",2818,114978.373260202
"1359",2819,184893.698682048
"1360",2820,132113.505504915
"1361",2821,102024.405308033
"1362",2822,182458.509621908
"1363",2823,277344.312221552
"1364",2824,165790.791674424
"1365",2825,145898.662011928
"1366",2826,131703.099074751
"1367",2827,120545.075767586
"1368",2828,224787.779970964
"1369",2829,230184.539153892
"1370",2830,236716.645058658
"1371",2831,194527.464611408
"1372",2832,247917.656254864
"1373",2833,299164.558421059
"1374",2834,234899.940071825
"1375",2835,226729.506151719
"1376",2836,201051.510302252
"1377",2837,171733.342558227
"1378",2838,131525.326027134
"1379",2839,145690.926909052
"1380",2840,200260.04161236
"1381",2841,203927.245744579
"1382",2842,232583.52935268
"1383",2843,144286.501059121
"1384",2844,170386.861425857
"1385",2845,104236.918327367
"1386",2846,202261.254533524
"1387",2847,216284.392830758
"1388",2848,211539.460316069
"1389",2849,200962.254899184
"1390",2850,272706.245679984
"1391",2851,203720.814155931
"1392",2852,230491.473053919
"1393",2853,244887.846638565
"1394",2854,136823.865473188
"1395",2855,207285.528435863
"1396",2856,207356.004443835
"1397",2857,193852.077192934
"1398",2858,212319.963570091
"1399",2859,84647.6663318694
"1400",2860,141245.694936645
"1401",2861,117225.631604551
"1402",2862,205095.60204391
"1403",2863,142216.359899182
"1404",2864,252873.360685372
"1405",2865,124818.221205958
"1406",2866,120112.646330291
"1407",2867,71804.2426410078
"1408",2868,90820.4502861508
"1409",2869,77224.1348587209
"1410",2870,123340.42733014
"1411",2871,65739.4590533038
"1412",2872,17080.1739953924
"1413",2873,75466.6366453029
"1414",2874,115232.545857754
"1415",2875,107840.083764375
"1416",2876,159424.746607079
"1417",2877,133306.769346514
"1418",2878,162232.688859343
"1419",2879,143825.561331265
"1420",2880,80368.428178096
"1421",2881,153765.504035747
"1422",2882,197322.304046437
"1423",2883,197704.103845568
"1424",2884,217874.256834014
"1425",2885,180185.542586883
"1426",2886,238836.953659335
"1427",2887,88801.6920933638
"1428",2888,140179.798187721
"1429",2889,23106.0480471531
"1430",2890,50126.733266739
"1431",2891,132928.179898937
"1432",2892,14336.4403528615
"1433",2893,61590.1464588533
"1434",2894,10717.8567977189
"1435",2895,330808.031793296
"1436",2896,284061.522776328
"1437",2897,201707.949594482
"1438",2898,144178.95722634
"1439",2899,213103.661614048
"1440",2900,153776.523057622
"1441",2901,204723.180387423
"1442",2902,177216.946362159
"1443",2903,314850.395825914
"1444",2904,343625.682341094
"1445",2905,65750.749968745
"1446",2906,195989.489015481
"1447",2907,103136.940673301
"1448",2908,104080.315253861
"1449",2909,139260.111576032
"1450",2910,63111.224430329
"1451",2911,53362.2428058513
"1452",2912,145446.669277208
"1453",2913,42003.8570103913
"1454",2914,44493.7221447932
"1455",2915,56028.1578435416
"1456",2916,53081.6884532476
"1457",2917,163190.2866564
"1458",2918,104805.649679625
"1459",2919,226205.368748245
